656-FIX30SSLAHF|3
538-54132-4062|3
595-TFP401APZP|3
595-SN75LVDS83BDGGR|3
556-ATMEGA88PA-AU|3
538-53261-0671|3
538-51021-0600|3
538-79758-0006|18
649-10033526-N3212LF|3
649-10029449-111RLF|3
556-AT24C01C-SSHM-B|3
774-742C083220JP|3
656-FIX30HLKITASSY|1
806-KLDX-0202-A-LT|3
647-RSS1C101MCN1GS|3
647-RFS1A100MCN1GB|9
78-BZG03C15-TR3|3
595-TLV1117CDCYR|3
895-FT232RL|3
74-ATS073ASM-1|3
649-69190-410HLF|6
858-35WR5KLFTR|3
942-IRF9530NSPBF|3
942-IRLML2502TRPBF|3
80-C0402C100J3G|9
77-VJ0402Y103JXXCBC|15
71-CRCW0402-100K-E3|3
71-CRCW0402-10K-E3|21
71-CRCW0402-100-E3|3
71-CRCW0402-4.7K-E3|3
71-CRCW0402-31.6K-E3|3
71-CRCW0402-0-E3|6
71-CRCW2512140RFKEG|6
774-742C083220JP|21
71-CRCW0402-22-E3|84
77-VJ0402A220KXXPBC|6
